,company_id,employee_count,follower_count,time_recorded
18,33218,191,36335,1712346173
36,7790573,16,233,1712346248
49,24803,130,60572,1712346323
50,13345578,279,85916,1712346323
57,54077952,74,686,1712346397
60,63155,600,1898,1712346397
134,708917,425,25603,1712346769
154,22355,2345,58037,1712346843
160,860999,9308,122691,1712346843
195,3541916,89,15256,1712347066
212,74571418,675,92546,1712347141
217,726206,1009,11010,1712347141
223,10500730,11,480,1712347141
251,18921,626,94717,1712347290
277,92188790,3,52,1712347439
303,4594437,5,73,1712347587
308,122451,668,181848,1712347661
310,62101,1366,8782,1712347661
335,219963,1114,9709,1712347746
338,116025,131,4379,1712347820
343,74075477,2,1422,1712347820
371,24157,1294,23485,1712347968
372,5348965,148,13663,1712347968
375,22134,447,8880,1712347968
383,82284641,5,67,1712348042
384,1996803,314,15989,1712348042
406,2061386,2740,15978,1712348116
409,13655403,198,25020,1712348116
438,87089640,11100,229619,1712348264
451,163761,79547,103282,1712348339
470,996149,113,6266,1712348487
479,1211063,566,5822,1712348487
495,11266342,1674,12695,1712348636
514,8653,1861,21460,1712348710
546,16388,3578,579238,1712348858
548,63563,25,69864,1712348933
586,33247784,8558,120076,1712349155
603,8498368,33,57,1712349229
608,47664328,51140,480917,1712349229
611,5399183,171,966,1712349229
617,1339209,10148,111444,1712349302
619,165461,4594,55523,1712349302
628,81958632,978,35285,1712349376
661,7684,21784,267016,1712349527
679,3738912,3295,42433,1712349675
682,33711,1415,36737,1712349675
690,35634312,132,2533,1712349675
705,3719923,25,453,1712349824
712,35452956,182,812,1712349824
714,96635463,4,36,1712349824
719,166209,19910,144677,1712349898
742,6460,13954,938459,1712350047
763,40783,207,168489,1712350197
778,79482021,59,14621,1712350271
784,2227,55798,1857158,1712350271
791,33269,2162,26604,1712350347
797,19076380,30,36510,1712350347
828,101169414,0,5,1712350569
857,10540544,63,32446,1712350792
863,200685,242,14681,1712350866
866,8047188,83,27148,1712350866
930,71901687,16,1105,1712351311
966,51688908,1207,9389,1712351459
969,5848,8235,118654,1712351533
993,3264,38685,209068,1712351608
1005,79135,2238,25292,1712351682
1007,79809662,705,21315,1712351756
1015,348976,29,1472,1712351756
1024,225930,13,719,1712351833
1030,30498,8742,73932,1712351907
1059,1511215,179,3107,1712362172
1067,2056643,260,2073,1712362246
1069,2788204,410,98307,1712362246
1073,27625,1649,25022,1712362246
1086,1856927,77,4678,1712362320
1141,26231,1244,43385,1712362692
1164,311559,1069,3337,1712362842
1170,6486571,2150,3677,1712362916
1185,1207,104295,8895872,1712362992
1186,907307,850,27055,1712362992
1187,23375,7094,29883,1712362992
1205,2204084,151,214231,1712363140
1224,1300194,1336,61339,1712363215
1255,2627350,274,2287,1712363438
1283,139026,94,11420,1712363661
1325,1360,121,27262,1712363958
1336,20463274,57,8640,1712364116
1348,2254693,164,1563,1712364190
1352,164356,4858,233240,1712364190
1353,80908848,1,269,1712364190
1358,261749,494,29448,1712364265
1382,2545750,66,3258,1712364413
1395,4473754,8,341,1712364488
1472,166124,65,57619,1712365155
1479,4862,4432,107457,1712365229
1496,138567,429,15057,1712365303
1503,10778,6933,40369,1712365377
1537,33295877,4175,301643,1712365748
1539,2128757,87,3811,1712365748
1542,1753550,76,47603,1712365748
1578,6616944,54,51890,1712366120
1589,245310,553,134239,1712366194
1592,975681,62,1727,1712366269
1608,3859,2579,96636,1712366418
1612,162656,195,66727,1712366418
1619,10838707,30,3911,1712366492
1654,6464080,61,2195,1712366790
1695,545751,148,113223,1712367163
1696,98460039,18,38,1712367163
1742,623152,125,41626,1712367535
1760,670004,30,519,1712367836
1773,20009,9862,231264,1712367985
1775,10906316,41,189,1712368059
1794,7412,35080,163576,1712368207
1836,21709,979,24043,1712368578
1841,53198134,41,7618,1712368653
1902,73017499,288,3917,1712369319
1914,547009,824,25045,1712369393
1940,2883353,1462,65494,1712369616
1980,90551435,575,325469,1712370210
2050,6436693,9,158,1712371103
2062,9336927,18,635,1712371251
2108,310250,6,2488,1712371771
2116,17867,1658,13939,1712371846
2147,17881501,10,803,1712372367
2161,33216895,5678,83851,1712372590
2168,2822187,20,14293,1712372664
2199,300543,252,3553,1712373109
2216,165444,4556,385718,1712373332
2227,81600,1325,10601,1712373555
2257,104499,687,11260,1712374002
2266,250138,228,13279,1712374150
2281,52768,266,21023,1712374377
2296,1776228,156,4132,1712374525
2301,42887005,83,27427,1712374525
2318,2380,65650,868101,1712374748
2364,18686842,258,4130,1712375193
2366,284053,5315,164751,1712375268
2373,13719,1991,77606,1712375342
2398,65564410,1056,11804,1712375564
2405,16031,1695,58900,1712375714
2413,122655,49,10904,1712375788
2422,823412,232,5564,1712375862
2435,167212,1796,210850,1712376010
2467,15179827,146,7983,1712376529
2477,3170262,536,2350,1712376604
2498,11662,9673,52041,1712376827
2502,9241727,5492,17458,1712376902
2503,2193,3919,57120,1712376902
2525,899708,4285,44885,1712377125
2549,139366,566,8477,1712377422
2558,722211,1864,23423,1712377496
2570,64761959,34,433,1712377643
2587,508963,4855,86239,1712377792
2595,99430348,13,26204,1712377940
2604,2951523,501,19239,1712377940
2633,85833,3097,64990,1712378385
2656,165257,6982,110550,1712378682
2680,2344266,16,8692,1712378978
2689,28169,3501,19443,1712379126
2702,27907642,580,31847,1712379275
2738,10931357,17,47318,1712379720
2754,163438,3484,108093,1712379942
2756,33246798,63669,2884882,1712379942
2781,29308,308,203587,1712380313
2831,99394495,9,18,1712380980
2860,1632,4875,46572,1712381129
2863,136952,202,2562,1712381203
2864,64696713,504,2329,1712381277
2876,3672,19844,215749,1712381500
2884,52615,3642,98896,1712381574
2889,22338085,1881,25950,1712381648
2904,32300,2979,121268,1712382019
2914,22303218,551,10329,1712382093
2962,68582692,408,4969,1712382762
2967,38046,9141,25843,1712382836
2971,2949041,199,1614,1712382911
2987,2700263,221,6584,1712383133
3000,23222,4312,29431,1712383357
3023,5242205,126,10555,1712383727
3026,11552333,86,3033,1712383802
3031,98461042,4,392,1712383876
3045,7978015,418,6392,1712384098
3068,3570,20108,300158,1712384544
3097,271541,1764,114732,1712385063
3103,25143,1908,30947,1712385211
3127,1384888,140,1723,1712385592
3156,18009120,85,4376,1712386112
3159,7587729,549,26659,1712386187
3178,36873,1628,12284,1712386557
3199,42822796,24,3018,1712386930
3208,76549708,1,25,1712387078
3270,65533776,22,5257,1712388264
3278,1247902,3177,20850,1712388413
3287,622064,459,4310,1712388561
3302,10875478,223,2667,1712388783
3329,77999128,2,53,1712389154
3364,7361,79250,401589,1712389747
3379,101810042,7,678,1712389896
3416,18270206,51,769,1712390864
3433,53797792,2,11,1712391733
3459,2257294,394,2850,1712394110
3492,11152,11916,158018,1712398631
3510,78735585,43,303,1712399853
3531,9180986,14,406,1712401471
3540,107457,775,7686,1712401976
3541,15242812,325,22010,1712402054
3544,1149540,238,2906,1712402408
3568,85605846,2,128,1712405539
3608,7361,79277,401601,1712431749
3613,30601088,5,594,1712431749
3622,91120238,10,236,1712431749
3629,30769813,8,422,1712431823
3640,424881,20,342,1712431823
3692,90551435,577,325876,1712433263
3709,4032655,363,5265,1712433881
3711,82345382,19,7086,1712433881
3723,33983,341,2979,1712434920
3743,2425713,1442,10224,1712435729
3782,256819,1163,50623,1712438121
3783,82379212,3,72,1712438121
3797,165053,272,40208,1712438984
3870,74477,147,15732,1712442808
3891,96283903,1,17,1712443857
3985,89749851,6,819,1712449559
3989,33312265,7,75,1712459164
3993,7412,35100,163622,1712459164
4016,91469979,42,4412,1712459237
4024,28631247,1,3,1712459311
4051,64666470,15,657,1712459448
4054,97412958,13,1065,1712459448
4063,55052681,2,8,1712460123
4072,102802128,2,16,1712460928
4089,1207,104359,8899603,1712632431
4092,10778,6939,40372,1712632505
4094,1207,104369,8899603,1712632505
4108,3264,38721,209343,1712632653
4109,3264,38718,209343,1712632653
4110,10778,6940,40372,1712632653
4112,2204084,152,214330,1712632653
4114,545751,147,113458,1712632653
4148,96781,98,8019,1712633097
4165,3196,16119,352792,1712633318
4187,85833,3095,65079,1712633540
4192,2516,35720,701322,1712633613
4195,931923,40,52676,1712633613
4208,36873,1623,12303,1712633761
4249,38046,9151,25866,1712634130
4267,629425,502,9872,1712634277
4274,16439,760,33866,1712634351
4290,26333,2962,63918,1712634498
4339,3672,19848,215942,1712634937
4361,1752020,36,6280,1712635083
4364,11662,9679,52170,1712635083
4412,165920,1230,10409,1712635524
4428,41004,3916,31516,1712635597
4458,99430348,14,27066,1712637940
4496,165257,6986,110717,1712638163
4500,4031023,271,1279,1712638163
4502,23222,4315,29467,1712638236
4515,16257321,471,3569,1712638310
4531,899708,4290,44938,1712638457
4533,7412,35141,163753,1712638457
4547,12605993,2338,76330,1712638604
4552,1632,4880,46646,1712638681
4567,899708,4291,44938,1712638828
4571,2380,65690,869181,1712638828
4572,83708,3407,32642,1712638901
4624,164152,14216,274353,1712639417
4662,2564994,4017,39505,1712639933
4678,50711,6124,158670,1712640007
4679,28424,316,14677,1712640007
4727,33246798,63889,2887764,1712640448
4746,107457,774,7690,1712640668
4776,334135,1267,11767,1712641110
4796,33246798,63882,2887776,1712641257
4863,35505010,27,874,1712641994
4885,2382822,959,10110,1712642215
4918,47158,1133,37680,1712642510
4925,163982,308,10990,1712642510
4945,4335,22091,698035,1712642878
4959,1075046,842,4647,1712643026
4981,1658333,29,7460,1712643320
4986,18734816,161,10648,1712643394
4998,8893448,135,1089,1712643620
5025,4896,7531,81442,1712643914
5046,6137,19488,421100,1712644210
5061,78461596,116,7366,1712644430
5147,6408422,1138,18382,1712645618
5157,90551435,584,328671,1712645766
5226,164798,26638,112969,1712646649
5230,81958632,981,35292,1712646723
5249,1366800,646,3845,1712646943
5255,6052,4367,93349,1712647017
5263,86935892,9,6268,1712647091
5269,2380,65695,869216,1712647165
5278,16388,3586,580864,1712647387
5283,163387,1845,11115,1712647461
5310,910095,56,389,1712647842
5325,20009,9866,231522,1712648065
5334,10875478,222,2671,1712648213
5338,67187927,20,1720,1712648288
5345,4823597,40,1342,1712648362
5348,10510386,1551,178491,1712648362
5359,25194,1389,15075,1712648510
5379,96305,286,19559,1712649455
5418,95773648,0,10,1712650784
5419,163761,79654,103500,1712650860
5435,163761,79655,103500,1712650935
5440,18300211,309,76351,1712651086
5449,18130925,16,29572,1712651162
5480,18270206,52,772,1712651461
5503,167212,1792,211102,1712651761
5518,3101344,880,4186,1712651902
5526,18249313,895,80268,1712652113
5533,41089,1190,72528,1712652252
5542,80291068,5,5979,1712652447
5550,23375,7106,29909,1712652900
5567,10938208,15,6420,1712653297
5596,7650,9711,150852,1712654218
5616,5396344,72,124255,1712654892
5654,13073,13484,70161,1712655864
5690,448970,285,2588,1712656535
5725,4114,16934,521232,1712657207
5733,46648,495,420709,1712657282
5745,2366536,100,29255,1712657507
5751,6588622,61,1108,1712657653
5781,8024,9442,49693,1712658767
5794,1292,168754,5670620,1712658992
5796,1292,168750,5670620,1712658992
5812,406419,38,167,1712659388
5824,410499,5612,27967,1712659538
5827,18179902,205,20417,1712659613
5828,1266211,327,9129,1712659613
5831,8211,76210,263757,1712659613
5843,10987865,106,28394,1712659762
5882,13634,9074,159662,1712660215
5883,10795459,2595,291825,1712660215
5888,10149697,19,7047,1712660289
5906,101660952,0,637,1712660560
5926,10267286,432,67219,1712670235
5957,424932,197,28614,1712670383
5981,12613218,93,136196,1712670457
6009,307513,55949,157071,1712670605
6011,16388,3584,581029,1712670678
6018,10510386,1550,178546,1712670678
6026,20009,9864,231537,1712670753
6059,2229686,9,600,1712670902
6068,2245479,283,25253,1712670976
6075,81302109,4,13629,1712671050
6087,83493460,0,89,1712671050
6100,64056,235,3524,1712671125
6144,10267286,433,67223,1712671421
6148,10225381,12,41,1712671421
6152,772837,547,6255,1712671495
6182,10646709,1,5666,1712671643
6194,91619732,711,9845,1712671718
6221,594915,398,17047,1712671943
6237,136629,123,1041,1712672019
6253,6486571,2152,3684,1712672094
6263,1608778,47,3647,1712672170
6264,76502907,18,20449,1712672170
6316,3364317,762,3232,1712672645
6333,22208562,2346,75155,1712672679
6338,1924808,108,2836,1712672679
6352,13345578,278,86405,1712672713
6397,10826331,80,5015,1712672781
6401,368900,111,49901,1712672781
6410,762365,8969,43885,1712672815
6469,79393264,1,453,1712672884
6494,81907751,34,337,1712672953
6529,24497,2577,8645,1712673023
6554,2867730,4,15288,1712673091
6555,166430,289,70792,1712673091
6595,25041,4220,42817,1712673160
6602,907307,851,27127,1712673160
6604,162214,7683,264506,1712673160
6608,18880506,12,72739,1712673160
6624,11730,2902,30538,1712673196
6635,33217558,373,2319,1712673230
6674,19208334,5489,127021,1712673332
6676,2592772,107,5124,1712673332
6677,18540268,115,7539,1712673332
6682,16157480,2866,14296,1712673332
6700,10758382,44,901,1712673366
6717,225063,103,5089,1712673400
6722,2666875,27,86623,1712673400
6725,44795,1295,22820,1712673400
6743,12613218,91,136189,1712673435
6763,463913,22,729,1712673469
6773,13655403,199,25249,1712673503
6790,7973,1771,96313,1712673538
6793,24803,129,60679,1712673538
6799,52119178,1,10,1712673538
6807,62869757,23,17772,1712673571
6883,16182096,633,8589,1712673712
6884,7242,69556,231209,1712673712
6913,10001423,2140,72158,1712673783
6921,64481,321,3152,1712673783
6948,1277958,7,7466,1712673817
6964,74067844,5,14,1712673889
6968,7361,79337,401927,1712673889
6971,91619732,712,9847,1712673889
6989,121091,41,32757,1712673925
6996,54327886,3,238,1712673960
7026,40679674,29,103,1712673995
7037,257261,467,8386,1712674031
7072,25041,4221,42854,1712855764
7075,109225,473,5520,1712855764
7079,10778,6944,40394,1712855899
7089,28850513,35,513,1712855899
7098,1372291,53,34510,1712855899
7124,92597045,4,48,1712855945
7137,47260,2333,38635,1712855945
7143,96485676,3,43,1712855983
7147,2074102,108,14732,1712855983
7162,13574568,45,16560,1712855983
7165,10650177,91,22242,1712855983
7167,10778,6942,40394,1712855983
7191,15691,2092,51726,1712856023
7207,76878233,8,342,1712856061
7226,2122671,174,2105,1712856061
7245,762365,8968,43982,1712856099
7250,68168113,2085,17781,1712856099
7253,1124924,542,15349,1712856099
7264,8636,3153,64731,1712856137
7298,8636,3154,64732,1712856176
7306,80359,59,3316,1712856214
7343,11022681,1601,12487,1712856252
7357,122451,669,182781,1712856290
7371,33575,2176,37102,1712856328
7398,16388,3582,583084,1712856366
7431,51688908,1211,9453,1712856441
7444,1597847,157,34396,1712856441
7448,2061777,238,10607,1712856441
7460,5155930,116,102476,1712856480
7461,235348,2578,265313,1712856480
7481,82533810,3,942,1712856518
7503,4896,7533,81590,1712856556
7513,2788204,405,98569,1712856556
7548,16218,2746,120233,1712856632
7561,1282089,110,1590,1712856671
7590,13406030,75,9977,1712856671
7593,2652,8140,46090,1712856709
7601,6919,1030,163636,1712856709
7659,3056209,146,25250,1712856787
7664,75497,141,8772,1712856826
7675,7361,79393,402342,1712856826
7681,9857280,189,4007,1712856826
7686,101755234,0,2,1712856826
7696,98496028,0,1,1712856864
7720,9826,34064,1198867,1712856904
7723,9826,34097,1198867,1712856904
7736,112948,144,550367,1712856904
7774,1940159,29,8370,1712856968
7829,410992,140,33086,1712857052
7877,82861485,9,80,1712857265
7912,866507,44,10701,1712857356
7916,1753550,75,47763,1712857356
7922,40664408,42,3908,1712857371
7966,90637506,15,133,1712857735
8004,4815896,306,32586,1712857771
8013,215645,79,4607,1712857771
8065,101791563,8,799,1712857939
8091,9192818,19,1305,1712858038
8114,66296481,6,265,1712858444
8122,75440441,15,13002,1712858444
8129,18800181,14,5458,1712858444
8133,2788204,407,98570,1712858482
8139,626382,18,3199,1712858482
8146,1013591,45,2953,1712858482
8157,46648,496,421213,1712858482
8168,2471868,1047,73207,1712858593
8222,46852,643,10331,1712858727
8255,13211176,14,9015,1712858904
8278,165359,543,7459,1712859109
8291,2049248,4,44,1712859109
8326,3737467,72,1028,1712859291
8340,13719,1990,77793,1712859291
8352,1200217,42,365,1712859291
8357,1524968,250,1409,1712859291
8389,79815,206,35538,1712859429
8404,93942,126,105367,1712859429
8422,33295877,4172,303932,1712859624
8438,1010123,105,11983,1712859624
8439,2316216,597,33028,1712859624
8465,11067,1096,368839,1712859797
8469,325397,884,10366,1712859797
8476,34595,4818,14723,1712859797
8497,112948,143,550361,1712859820
8513,11062886,14,2248,1712859983
8559,5000890,94,79215,1712860126
8594,3313368,7,18,1712860254
8607,3480801,50,729,1712860254
8643,4021758,1057,8320,1712860391
8661,4021758,1060,8320,1712860543
8690,28305,660,10049,1712860573
8692,66639490,7,2066,1712860573
8718,95709184,20,953,1712860727
8726,7684,21837,268058,1712860727
8780,94169647,1,7,1712860895
8789,51687310,15476,385250,1712860895
8843,2937226,63,132633,1712861040
8848,92917818,1851,207614,1712861059
8856,35603678,71,846,1712861059
8970,33216895,5721,84593,1712861600
8992,13345578,280,87024,1712861720
9016,109225,476,5525,1712861720
9017,93116242,80,5353,1712861720
9069,34034,428,15971,1712861999
9080,15236811,35,552,1712861999
9123,6460595,18,2681,1712862191
9128,13664753,8844,49593,1712862191
9130,101320,148,47515,1712862191
9133,19208334,5490,127201,1712862191
9143,16190749,157,10809,1712862313
9182,165087,673,17343,1712862460
9199,18717,3248,94582,1712862460
9202,11115535,23,28730,1712862460
9215,8047188,81,27397,1712862667
9249,60851704,11,119,1712862708
9319,9857280,188,4012,1712862978
9328,22325267,114,2072,1712863000
9375,425272,277,2141,1712863177
9385,11067,1095,368877,1712863289
9390,617457,181,6896,1712863289
9394,206040,728,25636,1712863289
9403,1460572,76,7668,1712863329
9409,21709,980,24312,1712863329
9417,40654174,311,11501,1712863400
9435,99259838,3,5,1712863400
9448,20009,9871,231829,1712863555
9456,20107770,158,1496,1712863555
9472,20009,9878,231829,1712863596
9506,7412,35159,164015,1712863770
9515,5034686,64,134,1712863770
9517,92676690,7,845,1712863770
9527,7412,35170,164015,1712863770
9528,51688908,1210,9453,1712863770
9544,1597847,158,34395,1712863892
9555,33264342,31,855,1712863930
9563,98496045,3,306,1712863931
9583,26894,1340,29238,1712863993
9590,307513,55985,157549,1712864198
9608,33246441,239,3727,1712864198
9618,2465,2614,200687,1712864198
9656,10875172,87,10676,1712864360
9690,98785980,2,1371,1712864399
9726,307513,55976,157550,1712864655
9745,3638,19869,473103,1712864697
9747,481729,81,12883,1712864697
9750,18382984,455,24393,1712864697
9801,2642004,136,1393,1712864942
9806,7463,6446,63688,1712864942
9848,88069588,135,5234,1712865214
9882,726206,1010,11035,1712865353
9891,6630714,141,4822,1712865353
9923,2446198,45,33540,1712865490
9937,2214607,1155,18779,1712865515
9950,1683442,319,177429,1712865637
9971,34272,6049,115645,1712865738
9980,34272,6050,115645,1712865738
9995,35507441,42,211,1712865738
10010,166430,288,70897,1712865870
10022,4862,4440,107826,1712865870
10033,53849982,107,82,1712865870
10043,87089640,11203,232974,1712865996
10044,87089640,11175,232974,1712865996
10053,261562,538,69420,1712865996
10083,3738912,3299,42539,1712866102
10089,882674,97,5323,1712866102
10093,79815,205,35557,1712866102
10116,1267571,158,2416,1712866209
10183,47664328,51107,483162,1712866374
10189,47664328,51103,483162,1712866374
10230,3100120,123,22625,1712866584
10238,13021252,37,2616,1712866584
10282,28526,746,345883,1712869778
10290,67220856,5,5932,1712869816
10294,3264,38714,209770,1712870066
10315,66900474,18,18886,1712870066
10337,21743,3356,128219,1712870146
10338,3264,38726,209770,1712870146
10342,22533177,0,995,1712870146
10392,5508,2871,54093,1712870264
10423,18292,3579,163958,1712870341
10429,42945570,10,59,1712870341
10437,19023,1869,45818,1712870383
10487,40018,9018,423467,1712881913
10492,40018,9031,423467,1712881913
10524,37269899,89,1254,1712882047
10538,68318325,72,5629,1712882047
10540,37269899,90,1254,1712882047
10552,15091444,5,171,1712882390
10602,96930022,1,8987,1712883284
10610,1179477,24,932,1712883284
10670,51649570,2,18,1712883898
10675,93075952,728,21697,1712884020
10676,8381,1071,6685,1712884020
10691,74335050,26,69,1712884239
10703,77169664,22,60,1712884456
10751,1698028,46,81248,1712885453
10763,19163454,57,8666,1712885583
10778,80938105,5,3084,1712885821
10779,2088722,42,2626,1712885821
10788,2701198,11,8333,1712885987
10827,102352461,2,16,1712886690
10841,48654,283,17371,1712887048
10843,62101,1364,8822,1712887048
10845,946084,23,971,1712887048
10846,62101,1365,8822,1712887048
10852,10423278,335,1334,1712887215
10860,16058744,2,48,1712887454
10911,6385880,19,3990,1712888245
10928,163761,79736,103822,1712888556
10937,165461,4597,55635,1712888621
10964,1339209,10149,111780,1712888751
10977,33247784,8587,120748,1712888945
10979,5508,2870,54097,1712888945
11012,167212,1795,211405,1712889265
11052,2949041,198,1614,1712889589
11056,9241727,5495,17526,1712889589
11059,40783,206,169459,1712889654
11081,165444,4548,387845,1712889782
11089,115804,174,9541,1712889846
11175,163846,2748,47623,1712890679
11204,79135,2246,25398,1712890872
11225,18870,11679,648233,1712891128
11229,33711,1414,36820,1712891128
11233,23375,7108,29940,1712891192
11240,30498,8771,74167,1712891257
11255,1010140,998,22095,1712891322
11298,1207,104474,8904840,1712891646
11303,82569,292,5883,1712891646
11304,22303218,553,10367,1712891646
11312,1207,104476,8904844,1712891710
11322,629425,504,9896,1712891775
11323,101841934,2,7,1712891775
11365,18924689,186,5106,1712892097
11413,2627350,275,2301,1712892547
11416,17663,1160,83758,1712892611
11427,84126489,466,9050,1712892675
11452,722211,1867,23498,1712892869
11483,38046,9154,25913,1712893191
11494,2380,65722,870669,1712893255
11497,65564410,1061,11843,1712893255
11515,3672,19840,216283,1712893384
11517,495856,1444,27520,1712893447
11523,12899396,567,61413,1712893511
11529,13073,13492,70212,1712893576
11559,16439,757,33931,1712893899
11565,122451,671,182879,1712894091
11579,16054358,44,326,1712894155
11610,2380,65724,870676,1712894477
11613,103649,382,5586,1712894542
11632,57404291,537,1543,1712894670
11645,1075046,843,4687,1712894798
11658,899708,4296,45052,1712894990
11734,3961,8117,969114,1712895695
11735,3718376,3415,85060,1712895695
11736,3128,47987,663249,1712895695
11760,41004,3917,31617,1712895952
11764,32062918,144,1382,1712896016
11773,28132450,288,1008,1712896080
11784,3475514,52,2788,1712896144
11792,3128,47985,663251,1712896208
11793,2913460,113,1728,1712896208
11827,63053,1181,13038,1712896464
11831,33246798,64113,2891711,1712896464
11842,33246798,64111,2891712,1712896593
11856,3292101,1247,6840,1712896721
11858,60603929,33,444,1712896721
11920,3822450,143,8782,1712897362
11959,2288217,288,3380,1712897752
11964,113254,2880,50332,1712897752
11971,165257,6984,111020,1712897815
12010,631652,55,15677,1712898263
12017,20723,2108,48317,1712898391
12028,5242205,127,10630,1712898455
12030,46529,974,10199,1712898455
12081,439909,668,409061,1712898903
12096,3696174,38,1750,1712899095
12106,233954,115,1474,1712899223
12124,2129930,1223,40811,1712899479
12148,508963,4856,86511,1712899735
12159,9356698,688,52502,1712899927
12168,601919,7861,263089,1712900055
12179,73789809,4,5236,1712900119
12198,6390334,1435,15977,1712900311
12199,101649613,1,43,1712900311
12219,3570,20086,300730,1712900698
12228,49028,616,6531,1712900762
12230,7361,79419,402433,1712900826
12232,164798,26668,113205,1712900826
12250,13787,901,59872,1712901147
12264,18952365,314,5489,1712901338
12267,691458,2674,38236,1712901338
12296,11322,3809,205454,1712901915
12299,3032528,5,4011,1712901979
12300,90427386,9,818,1712901979
12358,10510386,1545,179138,1712903384
12406,35584944,246,3610,1712905776
12418,79013926,25,1660,1712906384
12437,19076380,29,37092,1713206978
12462,90551435,586,337157,1713207107
12464,830603,70,543,1713207107
12479,3296572,87,2260,1713207402
12522,46648,497,421759,1713207531
12537,76880902,2,70,1713207597
12561,18179239,56,4470,1713207726
12580,657475,41,59839,1713207790
12583,71901687,14,1283,1713207790
12598,75519117,7,51,1713207854
12603,10443100,2,18,1713207854
12606,3237769,27,15023,1713207919
12623,18835575,12,3661,1713207983
12637,3045278,12,6652,1713208048
12648,219963,1120,9742,1713208113
12655,1683442,320,177882,1713208113
12685,82505420,1,53,1713208242
12696,79815,204,35717,1713208306
12698,1189796,56,688,1713208306
12707,361097,218,2680,1713208370
12725,78283079,3637,14968,1713208435
12735,3638,19909,473391,1713208499
12759,18921,627,95799,1713208630
12800,2647784,185,27201,1713208759
12803,57171,510,6828,1713208759
12828,93075952,731,21818,1713208887
12853,57189496,68,596,1713209016
12866,97464196,7,1308,1713209080
12897,1262896,170,2234,1713209210
12904,75103348,47,2734,1713209274
12914,1901416,376,9888,1713209274
12915,10634503,40,1019,1713209274
12930,20009,9887,232318,1713209339
12931,5356751,15,24543,1713209339
12970,403393,170,9312,1713209596
12979,7412,35225,164292,1713209596
13047,1324164,59,1240,1713209983
13063,27099326,54,106,1713210048
13125,46954,772,42286,1713210368
13140,13345578,282,87535,1713210433
13148,2736320,271,7258,1713210433
13194,1314202,5,1962,1713210690
13230,65229,139,20810,1713210883
13232,11022681,1602,12527,1713210883
13299,112948,145,552249,1713211205
13305,18161797,631,44867,1713211270
13314,6919,1031,164188,1713211270
13315,1031662,92,1754,1713211270
13347,166124,66,58046,1713211463
13358,2471868,1048,73348,1713211463
13365,2302548,14,3385,1713211527
13389,13655403,202,25675,1713211656
13407,343264,355,18010,1713211784
13424,69736805,106,11826,1713211849
13446,57409,86,90180,1713211977
13449,103383086,3,3,1713211977
13466,493527,158,130880,1713212106
13535,87085934,33,1487,1713212429
13541,74117501,15,7396,1713212494
13570,21488,2036,38829,1713212623
13580,87089640,11263,235002,1713212687
13586,2245479,286,25453,1713212752
13593,163761,79915,104114,1713212752
13608,736168,55,9006,1713212882
13655,5273808,158,20413,1713213074
13664,8449,5332,147831,1713213139
13667,410992,139,33211,1713213139
13677,54077952,77,711,1713213203
13682,2214607,1156,18824,1713213267
13689,200685,245,14942,1713213267
13690,1339209,10159,111923,1713213267
13692,50609,168,6721,1713213267
13709,9241727,5510,17559,1713213396
13713,27169417,24,10080,1713213396
13721,2227,56172,1870415,1713213460
13736,3738912,3302,42599,1713213526
13740,165971,2311,181761,1713213526
13785,74097560,9,25329,1713213784
13803,33247784,8596,121045,1713213913
13813,2254693,165,1563,1713213913
13814,15238307,228,5686,1713213913
13829,60603929,34,445,1713213977
13837,42906555,3,37,1713214107
13846,1267571,162,2439,1713214107
13859,17544,1492,605273,1713214171
13871,860999,9351,123065,1713214299
13894,66436,324,33603,1713214428
13901,365347,351,3848,1713214492
13923,82263,46,21559,1713214621
13927,81949095,9,5006,1713214621
13938,2074102,107,14874,1713214686
13945,307513,56055,158225,1713214750
13951,7463,6451,63744,1713214750
13952,79135,2248,25444,1713214750
13955,1138065,217,26671,1713214814
13974,11016612,165,18514,1713214879
13997,12835,1156,13156,1713215007
14009,18080299,92,315,1713215072
14017,1207,104539,8909811,1713237136
14026,5130294,52,1419,1713237201
14037,3165672,8,19936,1713237201
14060,2056643,261,2091,1713237393
14061,2132939,428,8235,1713237393
14062,10778,6953,40412,1713237393
14116,36017169,18,136,1713237459
14119,70834274,9,55,1713237459
14136,1022431,452,3483,1713237492
14139,22338085,1883,26036,1713237525
14145,165461,4600,55693,1713237525
14147,84201,279,8126,1713237525
14170,3286848,266,14427,1713237558
14182,2204084,155,215337,1713237591
14191,18693608,84,8153,1713237591
14200,18300211,312,78761,1713237591
14202,995588,1105,10560,1713237628
14205,79830368,13,4750,1713237628
14208,6574648,31,306,1713237628
14225,17885819,164,2992,1713237663
14247,3563676,5,10205,1713237697
14249,612493,214,6760,1713237697
14272,3264,38752,210307,1713237731
14296,3154911,4,2760,1713237765
14334,35224,50,84015,1713237832
14396,6579,2079,118752,1713237934
14402,12899396,570,61520,1713237967
14417,2669,38581,1410941,1713238001
14421,33295877,4179,305195,1713238001
14426,230282,6093,120894,1713238001
14443,7242,69702,231713,1713238034
14448,9303488,26,646,1713238068
14459,18537820,153,9101,1713238068
14461,5037848,28,267,1713238068
14476,163149,15907,298434,1713238102
14519,89656062,508,33447,1713238202
14532,2079661,197,6535,1713238235
14537,18495711,9,463,1713238268
14543,606356,151,13210,1713238268
14544,79482021,60,16997,1713238268
14563,10625595,167,864,1713238300
14569,28526,747,347850,1713238300
14577,67524034,3,5099,1713238333
14584,163846,2746,47650,1713238333
14632,495856,1446,27619,1713238466
14648,99195340,1,11,1713238499
14670,1342014,206,1879,1713238565
14674,3031253,45,1301,1713238565
14680,23375,7120,29980,1713238565
14684,165444,4535,389380,1713238598
14698,7684,21864,268767,1713238598
14723,206006,1002,44536,1713238664
14756,1035742,227,3309,1713238731
14791,4097,12380,407401,1713238799
14818,166328,108071,1072562,1713238866
14828,907307,855,27236,1713238866
14829,86963551,6,1390,1713238866
14833,29104,416,89622,1713238899
14843,16182096,634,8669,1713238899
14893,33218,190,36385,1713238998
14919,90450727,4,40,1713239098
14939,41854,1114,32457,1713239131
14952,4080,1743,886307,1713239164
14957,8211,76468,264554,1713239197
14972,1356549,42,120,1713239230
14978,532049,218,2253,1713239230
15022,72187185,247,17366,1713239329
15039,18119365,68,11493,1713239396
15040,47664328,51072,485517,1713239396
15060,33711,1409,36880,1713239429
15074,98552009,18,1288,1713239462
15084,17989842,437,10016,1713239462
15087,35891828,56,19138,1713239495
15107,18611583,23,285,1713239528
15118,13039,66,67514,1713239562
15124,136816,91,445,1713239595
15170,3094595,22,41288,1713239694
15173,22303218,554,10391,1713239727
15180,75768490,48,7678,1713239727
15201,65582532,648,25870,1713239760
15207,90516024,6,4859,1713239793
15236,6477,6979,154040,1713239860
15238,23748354,226,5580,1713239894
15246,1989952,611,4026,1713239894
15264,222632,130,30824,1713239927
15265,79809662,704,21492,1713239927
15290,15074104,362,31595,1713240030
15293,35088,909,9685,1713240030
15324,52136858,76,65663,1713240130
15338,6623506,494,3451,1713240163
15361,51688908,1214,9498,1713240229
15376,19134588,81,5415,1713240295
15380,311559,1073,3364,1713240295
15394,74777356,176,44427,1713240329
15406,327505,46,6134,1713240362
15424,19023,1871,46037,1713240428
15458,7962426,38,8988,1713276986
15459,368900,113,50616,1713276986
15501,90569489,64,1017,1713277312
15536,11266342,1673,12739,1713277635
15585,472056,132,2699,1713277958
15637,78842345,3,594,1713278346
15652,3783248,25,240,1713278476
15654,166209,19971,145715,1713278476
15661,111316,85,1877,1713278541
15662,319328,157,1822,1713278541
15691,163115,10751,330654,1713278801
15694,9322987,43,12310,1713278801
15697,1264953,44,33127,1713278801
15699,2656267,37,88,1713278866
15720,76502907,17,20958,1713278996
15733,1088884,116,9013,1713279126
15753,1409198,379,5974,1713279256
15764,525011,77,178,1713279321
15785,98476512,4,1725,1713279515
15806,3155387,1454,5853,1713279645
15835,13660588,80,7151,1713279776
15849,90614573,8,1625,1713279906
15881,30498,8783,74300,1713280036
15901,542742,1327,7608,1713280166
15906,101566602,5,9,1713280231
15921,15929102,70,439,1713280296
15951,34867,1262,11493,1713280556
15952,1207,104554,8911391,1713280556
15953,90413667,1128,8470,1713280556
15970,62200365,29,143,1713280686
15974,27014139,6,104,1713280686
15995,481729,82,12937,1713280815
15996,35479,3256,56912,1713280815
16013,21743,3370,128479,1713280945
16030,10087902,765,3868,1713281075
16040,15283,15424,179733,1713281205
16044,16388,3577,586631,1713281205
16053,85833,3101,65373,1713281270
16093,1551641,79,110130,1713284202
16120,10279322,118,4249,1713284395
16149,300543,254,3571,1713284653
16153,3717968,1717,33232,1713284653
16194,166209,19975,145726,1713284974
16195,78060668,42,917,1713284974
16203,35602233,200,13164,1713285038
16211,11006242,4,544,1713285103
16224,40940284,4,265,1713285167
16244,3826870,4,156,1713285295
16255,148784,54,2752,1713285360
16258,90606311,4,144,1713285424
16274,42007,346,38238,1713285553
16286,163761,79947,104201,1713285618
16336,52573401,152,440,1713285876
16382,10778,6952,40414,1713286133
16384,5139117,239,18645,1713286133
16390,7242,69716,231744,1713286197
16408,1088,21692,682896,1713286326
16428,69856876,121,153,1713286455
16435,15440862,109,1267,1713286455
16465,477190,520,6070,1713286711
16471,405042,459,5997,1713286775
16477,718471,75,21378,1713286775
16486,29308,312,205096,1713286839
16534,1597932,41,2240,1713287226
16583,23375,7123,29990,1713287547
16616,35488078,89,2568,1713287804
16630,230282,6097,120933,1713287868
16631,80206,22,12430,1713287868
16671,17663,1161,83852,1713288126
16680,2586261,248,56543,1713288190
16725,101354,215,8104,1713288448
16732,3541916,91,16557,1713288512
16751,228650,274,188944,1713288640
16764,11713,31347,546584,1713288769
16769,11424,2449,16912,1713288769
16773,86319778,9,22,1713288833
16775,2650980,33,577,1713288833
16777,11067,1101,371117,1713288833
16783,2471868,1046,73433,1713288833
16792,6883742,73,4836,1713288897
16891,372589,17716,557415,1713289607
16899,2853195,9,860,1713289671
16917,3196,16132,353445,1713289865
16922,1010140,1002,22112,1713289865
16956,11266342,1676,12742,1713290127
16974,7361,79632,403325,1713290256
16990,66884698,25,5127,1713290384
17009,5095359,9,746,1713290513
17016,378624,236,5048,1713290642
17054,307513,56073,158495,1713294166
17075,73185238,1,46,1713294295
17086,122451,676,183292,1713294295
17119,19023,1870,46160,1713388381
17137,3264,38758,210583,1713388511
17138,1632,4885,46911,1713388511
17161,81600,1326,10646,1713388639
17175,16182096,635,8689,1713388770
17195,3536,6828,531723,1713388899
17214,18099373,14,10737,1713388964
17231,73772656,2,69,1713389094
17240,2584,29874,632556,1713389159
17297,69989,988,19714,1713389483
17334,65564410,1070,11895,1713389677
17343,2937226,61,133727,1713389741
17366,931923,39,52773,1713389870
17377,2652,8151,46181,1713389935
17380,85833,3104,65422,1713389935
17395,552466,1114,11027,1713390065
17418,495856,1447,27718,1713390195
17422,362321,12,494,1713390195
17424,528122,864,8724,1713390259
17451,11662,9695,52476,1713390388
17452,2917251,1711,52387,1713390388
17455,18872958,387,166348,1713390453
17456,122451,677,183535,1713390453
17458,2380,65830,872826,1713390453
17479,56585163,73,3999,1713390518
17487,762603,97,5225,1713390584
17500,36873,1621,12350,1713390649
17504,64862701,337,6827,1713390713
17506,277338,679,43214,1713390713
17540,292978,98,9986,1713390906
17563,3710352,2400,45124,1713391099
17604,3672,19878,216830,1713391356
17631,12835,1157,13169,1713391484
17636,235348,2595,267580,1713391548
17672,13073,13495,70287,1713391741
17683,3128,47443,664764,1713391805
17694,165257,6994,111463,1713391870
17699,722211,1868,23615,1713391870
17702,2516,35773,702841,1713391934
17704,899708,4312,45191,1713391934
17742,22208562,2355,75716,1713392192
17751,6936,4238,55091,1713392192
17756,35492991,22,1543,1713392256
17776,23154,464,15418,1713392385
17777,9435,6284,183005,1713392385
17803,786063,50,4764,1713392514
17808,34731,302,30315,1713392514
17894,164713,4985,377152,1713393030
17903,28169,3495,19485,1713393094
17910,16388,3574,588211,1713393158
17925,8024,9448,49957,1713393222
17951,2822,23665,662302,1713393416
17982,437393,18,1810,1713393609
17989,6137,19455,423035,1713393609
18011,3162,24729,691731,1713393738
18020,164152,14224,275602,1713393802
18021,38046,9161,25970,1713393802
18032,34867,1263,11522,1713393867
18053,53193,499,22525,1713393996
18054,16031,1702,59254,1713393996
18062,2648566,640,7363,1713394061
18071,410499,5630,27992,1713394061
18090,1211063,568,5867,1713394192
18124,79560,4288,27651,1713394385
18160,164798,26707,113485,1713394578
18161,38879,267,4075,1713394578
18166,276981,2322,39661,1713394642
18169,5287595,122,16811,1713394642
18181,25143,1917,31118,1713394707
18186,12291,9633,111981,1713394707
18205,3056209,147,25666,1713394835
18232,71910,432,22918,1713395028
18247,20723,2114,48381,1713395157
18281,209610,4318,128247,1713395351
18291,1294941,64,861,1713395415
18336,5372,9215,249456,1713395673
18346,2382822,969,10167,1713395739
18365,165784,1609,33608,1713395867
18366,107457,776,7712,1713395867
18374,166209,19930,145835,1713395931
18378,460139,2359,33713,1713395996
18421,2173365,31,2049,1713396253
18429,12605993,2346,76929,1713396318
18430,371348,163,2770,1713396318
18434,2155566,19,451,1713396384
18440,46529,976,10218,1713396384
18446,90413667,1129,8525,1713396449
18450,412012,2,506,1713396449
18451,120853,283,10485,1713396449
18453,281622,491,5975,1713396516
18467,2669,38580,1412403,1713396580
18504,68168113,2097,17905,1713396773
18535,11373,5539,109146,1713397032
18536,2295646,3600,38765,1713397032
18544,5831,33526,507047,1713397097
18594,15317,4252,128872,1713397547
18629,9826,33972,1201458,1713397740
18676,601919,7870,263832,1713398127
18677,1069062,692,7472,1713398127
18704,2564994,4049,39719,1713398385
18736,166277,898,36957,1713398585
18775,18952365,317,5528,1713398871
18780,762535,202,7751,1713398871
18823,165257,6995,111470,1713399228
18831,131648,3306,16363,1713399299
18846,73017499,310,4101,1713399370
18864,166209,19931,145839,1713399584
18873,58469103,159,2025,1713399655
18885,165308,14183,286205,1713399726
18890,6390334,1436,16079,1713399798
18908,7378,2585,390612,1713399939
18912,6587602,255,10966,1713400010
18920,2278459,5250,140197,1713400081
19054,3621765,56,2333,1713401292
19105,334135,1271,11799,1713401789
19152,2562699,857,64668,1713402354
19156,2113831,2530,23825,1713402425
19165,3662174,392,4130,1713402495
19167,2551071,11,69,1713402495
19169,11322,3816,205949,1713402565
19209,7701,2250,29454,1713402990
19224,307513,56084,158862,1713403062
19245,9945,3945,128808,1713403278
19265,40018,9047,424458,1713403493
19266,8058,96,89613,1713403493
19268,162486,5694,34657,1713403493
19281,508963,4857,86872,1713403564
19296,15349895,34,98,1713403706
19332,21607,1398,80980,1713403990
19362,93616144,22,336,1713404273
19367,316370,1500,10908,1713404273
19381,61421,856,2375,1713404415
19393,22307995,328,12191,1713404485
19394,3545690,5,82,1713404556
19416,20009,9894,232688,1713404768
19436,67507,511,53431,1713404907
19439,80078228,10,2512,1713404971
19463,71220701,170,5366,1713405164
19471,33575,2178,37316,1713405292
19493,11067,1102,372016,1713405485
19526,87465,549,8149,1713405742
19533,216716,51,37486,1713405870
19556,100912459,2,17,1713406126
19571,7581439,40,1611,1713406383
19587,47664328,51071,486946,1713406512
19627,4896,7539,81896,1713406832
19645,43010,57,25256,1713407024
19650,21250,3737,125166,1713407088
19652,11061951,24,1015,1713407153
19677,163761,79981,104361,1713407346
19696,8619,3296,80976,1713407474
19697,2673675,1328,8627,1713407474
19736,83708,3408,32795,1713407925
19741,7270305,5,83,1713407925
19755,80552324,102,12374,1713408053
19766,3696072,55,6543,1713408117
19802,18211624,47,2248,1713408438
19806,78283079,3642,15022,1713408568
19829,96240859,8,132,1713408697
19836,4505,8652,305195,1713408761
19840,9356698,687,52867,1713408825
19843,35479,3254,56998,1713408825
19850,1017807,52,494,1713408889
19855,1339209,10163,112100,1713408954
19866,3717968,1716,33278,1713409082
19869,79135,2252,25478,1713409082
19872,100639983,8,382,1713409082
19940,2227,56076,1875646,1713409661
19945,3559341,800,80070,1713411006
19950,12189,631,33508,1713411006
19977,30498,8787,74365,1713411326
19981,54350802,93,7882,1713411326
20048,34272,6062,116160,1713412097
20051,98795534,6,59,1713412161
20058,16075064,25,230,1713412225
20072,62373,488,7635,1713412354
20073,3738912,3303,42671,1713412354
20125,119272,951,51601,1713412867
20231,1052946,135,12378,1713414153
20243,15691,2093,51859,1713414282
20247,19137257,3,339,1713414282
20278,62237,308,11340,1713414537
20281,13338268,12,220,1713414537
20282,97021703,3,36,1713414537
20290,33247784,8597,121297,1713414570
20312,1204008,1107,64763,1713414636
20316,64379,143,31903,1713414669
20334,6766,4377,67942,1713414736
20355,71145765,23,13080,1713414835
20372,27625,1666,25357,1713414868
20381,2257294,395,2884,1713414901
20382,11169,8303,179411,1713414901
20393,166821,5921,73024,1713414935
20425,4692,2052,56279,1713415034
20459,52177012,10,222,1713415166
20472,87089640,11300,237322,1713415233
20484,6205,1952,29792,1713415266
20575,67295129,238,2140,1713415566
20586,167212,1798,212122,1713415599
20613,166753,4426,179438,1713415698
20615,4985352,214,6117,1713415698
20638,893928,381,20724,1713415797
20667,68017,554,11278,1713415896
20668,109004,27,290,1713415896
20705,4293163,26,49,1713415995
20719,15968066,20,172,1713416062
20766,36164287,139,6256,1713416227
20772,18249313,894,81177,1713416260
20793,41089,1189,72951,1713416359
20828,165648,975,57174,1713416495
20874,6651250,13,2491,1713416661
20895,10795459,2603,293856,1713416760
20915,7099540,302,3117,1713416826
20960,1145681,228,3535,1713416959
20971,2440656,298,30244,1713417026
20978,1404302,6,60,1713417026
20985,15504,7200,112847,1713417059
20994,1555109,756,39411,1713417059
21000,3307418,47,9549,1713417092
21009,3610698,388,10537,1713417125
21016,102797436,0,74,1713417158
21019,70980644,11,29,1713417158
21029,101742705,0,20,1713417192
21036,164543,7066,52951,1713417225
21040,101978665,0,8,1713417225
21049,166039,2557,125098,1713417258
21059,1045296,467,5030,1713417291
21083,1832311,278,15243,1713417358
21085,3832633,684,312539,1713417358
21123,48654,285,17398,1713417491
21140,753083,4,1316,1713448871
21152,762365,8983,44202,1713448937
21164,116552,541,7754,1713449001
21177,35661937,24,272,1713449067
21185,897906,289,2052,1713449131
21189,77056563,3,2209,1713449131
21196,18717,3251,94921,1713449196
21216,13655403,203,25963,1713449326
21224,76360107,42,4998,1713449392
21238,6596884,106,1297,1713449457
21241,36128638,12,772,1713449522
21243,16388,3571,588893,1713449522
21246,87089640,11324,237582,1713449522
21248,166430,290,71073,1713449522
21267,33216895,5773,85584,1713449652
21268,95761,349,11917,1713449652
21278,1599309,1305,116584,1713449717
21280,38913,846,11798,1713449717
21291,22285419,8,503,1713449781
21299,101320,149,48633,1713449846
21315,2227,56028,1876485,1713449976
21330,11266342,1677,12752,1713450106
21351,4740314,59,1409,1713450236
21356,503931,35,5459,1713450301
21357,35904,202,4961,1713450301
21368,7463,6453,63811,1713450367
21425,4788849,17,637,1713450824
21431,122451,678,183614,1713450889
21485,9446798,33,43233,1713451279
21528,10133836,35,6971,1713451606
21548,1623211,335,16824,1713451800
21560,2056643,262,2092,1713451865
21586,80851405,15,2559,1713452059
21601,91374048,4,164,1713452124
21643,2624664,73,373,1713452510
21662,52900957,7,4,1713452704
21673,230282,6096,121019,1713452768
21697,104873,10332,142042,1713452898
21712,11266342,1679,12751,1713452970
21713,166209,19912,145888,1713452970
21738,30498,8789,74378,1713453114
21793,3766741,39,1103,1713453402
21802,27249912,1965,14879,1713453474
21803,7684,21884,269264,1713453474
21816,14799367,43,405,1713453556
21820,2788204,406,98957,1713453556
21830,1207,103102,8913602,1713453628
21873,15242812,331,22046,1713453844
21910,1372291,54,34873,1713454059
21912,2940456,50,1636,1713454059
21916,5185,8581,234863,1713454059
21986,166430,291,71078,1713454632
22004,12291,9638,112006,1713454776
22006,15283,15421,180286,1713454776
22008,13655403,204,25973,1713454776
22062,2516,35783,702987,1713455278
22066,2203829,16,780,1713455278
22071,4035035,340,9562,1713455350
22089,139366,569,8540,1713455480
22090,32300,2975,121456,1713455480
22097,82095941,61,2939,1713455544
22135,18586491,5,16593,1713455866
22153,21743,3368,128660,1713456059
22195,102453101,0,0,1713456444
22199,5185,8575,234865,1713456509
22215,78133768,207,9991,1713456637
22233,74477,149,15937,1713456829
22238,80410136,6372,88303,1713456894
22250,1666,16201,682375,1713457023
22255,207570,16,16006,1713457087
22259,9220290,198,8201,1713457087
22284,95041577,57,1301,1713457279
22292,9332405,196,1532,1713457344
22293,79716451,9430,60643,1713457344
22295,101796,451,9610,1713457344
22296,7684,21880,269283,1713457408
22305,11424,2450,16939,1713457472
22311,25891,1405,34378,1713457536
22324,7412,35271,164585,1713457601
22332,2033166,154,7179,1713457666
22338,2573460,212,1620,1713457730
22352,10923928,51,7313,1713457794
22362,926041,7369,381938,1713457858
22364,51688908,1213,9535,1713457858
22377,15243220,238,12900,1713457987
22380,112761,141,965,1713457987
22393,1388679,33,130,1713458117
22398,3961,8106,971069,1713458117
22399,621180,41,414,1713458117
22433,3672,19875,216916,1713458376
22447,206006,1004,44609,1713458376
22458,5347639,218,11870,1713458443
22461,77051956,54,4700,1713458443
22470,71549719,73,1138,1713458443
22488,33246798,64517,2899407,1713458443
22518,3128,46833,664463,1713458509
22527,23222,4327,29656,1713458509
22542,2882605,7,592,1713458577
22559,8024,9450,49990,1713458577
22653,18924094,2,158,1713458777
22673,3961,8099,971066,1713458777
22678,97196820,10,1202,1713458777
22688,945727,434,2633,1713458777
22692,2205342,702,3636,1713458777
22722,3264,38785,210710,1713458912
22726,228650,276,189537,1713458912
22737,32232,1267,40954,1713458912
22741,86903915,3,5,1713458912
22745,12670967,100,9496,1713458912
22769,1247902,3184,21005,1713458979
22771,63053,1185,13046,1713458979
22806,209610,4322,128385,1713459047
22810,495856,1452,27738,1713459047
22818,622557,259,8400,1713459047
22833,57749,118,2812,1713459114
22846,11662,9690,52509,1713459114
22852,1430329,331,19273,1713459114
22861,1058216,24,424,1713459114
22881,18873281,110,1263,1713459181
22917,3292101,1245,6869,1713459248
22931,60588,1025,11245,1713459248
22950,92604967,3,371,1713459316
22968,362780,401,10996,1713459316
22977,164798,26717,113539,1713459316
22978,3048848,1830,22614,1713459316
22990,86479,750,18313,1713459384
23038,79560,4289,27664,1713459451
23054,12605993,2350,76961,1713459451
23056,28132450,287,1014,1713459451
23068,3162,24743,691865,1713459518
23088,18785629,86,7083,1713459518
23099,50507,1663,61599,1713459585
23108,33247784,8609,121335,1713459585
23145,3710352,2403,45160,1713459652
23150,11841554,70,31377,1713459652
23172,165308,14181,286293,1713459719
23240,166753,4427,179465,1713459851
23261,1481176,22,7825,1713459851
23269,7378,2588,390819,1713459918
23295,164152,14232,275723,1713459918
23313,2784702,58,1259,1713459985
23331,913665,1523,12527,1713460051
23334,4556,26590,769950,1713460051
23407,61013,2253,26357,1713460252
23428,207927,705,11932,1713460252
23456,8838419,18,707,1713460318
23462,85833,3110,65434,1713460318
23466,11307040,21,25242,1713460318
23476,806395,267,5579,1713460384
23487,4505,8654,305442,1713460384
23494,1064013,11,11595,1713460384
23499,39423,2206,126440,1713460384
23504,508963,4858,86910,1713460384
23515,68582692,410,5022,1713460451
23526,5030929,384,20985,1713460451
23565,80862166,42,5314,1713460518
23583,3734016,7,27,1713460584
23591,36768365,591,8914,1713460584
23615,991576,418,10976,1713460651
23649,2113831,2533,23852,1713460717
23678,91383228,3,296,1713460783
23680,6536381,180,477,1713460783
23711,58360388,13,139,1713460851
23716,11152,11939,159258,1713460851
23721,6464539,968,9596,1713460851
23800,10267286,430,68589,1713461051
23865,23375,7121,30028,1713461184
23867,11084085,6,7373,1713461184
23874,41854,1116,32514,1713461250
23878,78133768,206,9990,1713461250
23884,3292101,1246,6872,1713461250
23894,6766,4381,67950,1713461251
23904,49152032,1,817,1713461317
23906,70918322,43,5824,1713461317
23914,77769152,22,4260,1713461317
23968,33575,2177,37337,1713461452
23971,230282,6099,121026,1713461452
23988,13651,931,30042,1713461518
24006,1843038,4,12,1713461518
24029,15242404,23,15521,1713461584
24039,6919,1032,164654,1713461584
24040,4896,7537,81926,1713461650
24060,71558134,5,7822,1713461650
24079,68168113,2099,17997,1713461716
24086,1645141,6,450,1713461716
24102,648924,2951,104302,1713461783
24109,28974324,19,3060,1713461783
24125,65646554,187,32520,1713461849
24130,971890,353,18443,1713461849
24158,10778,6954,40422,1713461915
24180,7241507,54,776,1713461982
24184,76502907,16,21164,1713461982
24205,3717084,24,745,1713461982
24209,9714055,22641,155560,1713461982
24241,13574568,41,16655,1713462115
24261,9313790,22,8428,1713462115
24287,80416103,5,250,1713462181
24305,101731451,0,133,1713462247
24329,10072976,49,17917,1713462313
24358,11169,8305,179442,1713462381
24379,54659403,5,582,1713462449
24380,663663,50,65118,1713462449
24388,162418,1088,106626,1713462449
24395,8602,9913,298377,1713462449
24412,3788875,134,470,1713462516
24487,19431,547,16615,1713462713
24488,4798709,4,2913,1713462713
24502,1683442,318,178662,1713462713
24514,10938208,16,6838,1713462780
24516,319107,111,680,1713462780
24519,11322,3813,206012,1713462780
24522,4862,4446,108268,1713462780
24541,10116802,30,689,1713462780
24542,34072437,131,1938,1713462780
24576,7463,6454,63808,1713462922
24587,1270342,42,65213,1713462922
24641,316370,1499,10911,1713463068
24648,79482021,56,18033,1713463068
24708,10622127,11,4810,1713463203
24726,35509855,2,381,1713463273
24739,16020596,174,4637,1713463273
24756,2173297,40,1188,1713463343
24761,1056618,16,9693,1713463343
24777,11067,1104,372360,1713463409
24780,34595,4823,14763,1713463409
24793,1022601,608,51458,1713463409
24798,35678257,27,1672,1713463409
24806,575501,27,2186,1713463478
24808,75724188,80,2404,1713463478
24817,928047,6,21,1713463478
24822,7701,2249,29459,1713463478
24880,95747859,3,9,1713463612
24909,74293281,1316,20762,1713463744
24910,10140364,42,77510,1713463744
24918,164713,4989,377216,1713463744
24931,8211,76578,264926,1713463744
24979,89921449,6,2866,1713463875
24990,44795,1297,22937,1713463875
24999,644691,468,46283,1713463941
25002,82818781,4,3282,1713463941
25006,18047880,7,250,1713463941
25019,7361,79691,403819,1713463941
25040,1124499,518,7055,1713464007
25047,37236953,12,904,1713464007
25049,72209642,14,8907,1713464007
25065,268974,365,8044,1713464073
25081,11390,6045,222262,1713464073
25085,87109122,2,70,1713464073
25126,28125361,22,1098,1713464207
25157,219963,1121,9760,1713464274
25170,3541916,90,16731,1713464274
25178,307513,56113,158946,1713464340
25219,531590,7,1580,1713464406
25258,11682570,45,4515,1713464472
25268,9826,33828,1201655,1713464472
25327,166277,900,36968,1713464671
25351,271541,1768,114993,1713464672
25389,4404462,29,367,1713464740
25391,2941,1236,14132,1713464740
25440,149617,58,306,1713464885
25441,4820469,361,16839,1713464885
25457,97464196,6,1393,1713464957
25479,2316063,35,934,1713464958
25516,76719929,138,11565,1713465106
25526,14757428,260,6941,1713465106
25556,40018,9056,424599,1713465179
25568,57409,87,90396,1713465179
25621,82282669,1,670,1713465324
25654,47203305,26,469,1713465396
25655,20287647,116,746,1713465396
25667,10588586,59,6045,1713465396
25709,2711806,63,45553,1713465475
25714,772837,542,6296,1713465475
25738,3523284,36,2419,1713465665
25755,8047188,80,27706,1713465820
25768,20463274,56,8857,1713465820
25816,127228,846,15119,1713465987
25825,534276,1635,11558,1713466155
25833,92592217,107,5359,1713466255
25850,493527,157,131482,1713466255
25854,2601238,172,3083,1713466255
25893,1088884,117,9083,1713466540
25914,101687931,1,7,1713466687
25923,50150,288,5561,1713466687
25933,71628973,13,643,1713466687
25954,2730523,39,415,1713466792
25977,104873,10333,142065,1713466991
25981,27302,208,2230,1713466991
26026,806395,266,5577,1713467372
26039,9473284,615,1688,1713467372
26054,10444953,137,2336,1713467554
26057,74571418,682,93598,1713467554
26079,23674217,38,13577,1713467554
26080,102230928,1,3,1713467554
26081,3799891,164,10066,1713467554
26109,3940345,43,285,1713467673
26118,121822,71,1074,1713467673
26162,99199828,59,697,1713467930
26190,68664479,49,3219,1713468047
26195,80930183,48,2712,1713468047
26199,2241093,234,13480,1713468047
26206,75068855,2,297,1713468340
26211,20107770,159,1511,1713468340
26234,74915668,48,818,1713468581
26247,40672840,70,1697,1713468581
26267,43251468,79,2540,1713468681
26299,533732,157,2463,1713468780
26307,64536012,13,723,1713468851
26334,9056852,15,63,1713468968
26342,466667,664,7696,1713469090
26394,3957430,30,81,1713469224
26398,16141806,21,484,1713469308
26407,28126126,39,1300,1713469308
26408,2926074,340,23925,1713469308
26455,5139627,120,2545,1713469569
26459,10462531,113,80819,1713469569
26468,1010446,231,2760,1713469569
26477,385662,280,36797,1713469751
26480,2652476,2400,42700,1713469751
26499,28790537,13,2522,1713469837
26508,164934,10474,672072,1713469837
26521,90551435,594,343714,1713469969
26548,80325,621,32432,1713470053
26552,23902,161,12312,1713470053
26553,426394,34,1929,1713470053
26573,83537745,6,14,1713470209
26579,78283079,3650,15033,1713470209
26590,726206,1011,11067,1713470209
26605,15898825,128,1933,1713470341
26616,1927783,167,2196,1713470458
26637,132277,653,4743,1713470660
26639,547179,122,2989,1713470660
26674,77728930,28,75,1713470835
26678,1105221,527,11470,1713470835
26698,3738912,3300,42682,1713470971
26704,15100301,2312,41078,1713470971
26705,71901687,15,1352,1713470971
26709,90562910,2,231,1713470971
26769,2956810,419,2646,1713471277
26777,28526,748,350166,1713471277
26798,3602147,2107,16898,1713471425
26800,26231,1241,43863,1713471425
26803,21488,2037,38910,1713471531
26804,432701,426,3810,1713471531
26825,1173323,17,4318,1713471531
26871,165461,4602,55748,1713471748
26882,1211063,569,5873,1713471748
26891,69680824,1707,12099,1713471748
26894,163761,80019,104450,1713471831
26922,33167,3976,15996,1713471913
26944,65814803,18,1903,1713472068
26953,54284298,178,14813,1713472143
26957,101949,237,11899,1713472143
26964,1339209,10170,112149,1713472143
27019,10971222,73,5135,1713472293
27043,33711,1411,36948,1713472368
27046,65498518,3,40,1713472368
27051,129778,105,1411,1713472368
27081,167212,1802,212214,1713472522
27096,9470309,499,18294,1713472595
27104,3058895,81,2571,1713472595
27118,27055364,184,3022,1713472595
27123,24999180,67,2031,1713472671
27126,957015,473,12473,1713472671
27139,90609864,5,449,1713472671
27146,83130,3275,22342,1713472671
27147,69736805,105,11947,1713472750
27167,165444,4527,390831,1713472810
27205,302991,448,31912,1713472963
27238,11724679,19,180,1713473170
27284,2796024,300,3352,1713473435
27294,3488196,386,35221,1713473436
27299,79809662,703,21598,1713473436
27349,162656,197,68173,1713473687
27360,6154,6941,78863,1713473687
27365,98803167,1,49,1713473763
27367,163302,2200,213822,1713473763
27391,1782858,73,1073,1713473884
27393,71417,151,4658,1713473884
27473,27169808,3,6,1713474187
27482,405042,460,6056,1713474233
27488,3115845,488,4604,1713474233
27490,10860178,1000,13029,1713474233
27556,323799,20,560,1713474528
27567,82569,291,5902,1713474608
27578,97376,97,1066,1713474608
27617,1383902,47,924,1713474765
27633,1632,4887,46942,1713474843
27648,75059318,10,3316,1713474919
27655,995588,1106,10564,1713474919
27656,7650,9726,151095,1713474919
27686,71102449,1,35,1713475069
27702,114971,15,626,1713475069
27731,69989,989,19716,1713475218
27747,101685092,4,353,1713475218
27765,3196,16133,353731,1713475293
27778,49173095,346,24276,1713475293
27802,80410136,6376,88324,1713475370
27819,372589,17725,557846,1713475444
27832,15242812,330,22046,1713475521
27852,79751913,251,1308,1713475596
27892,98976482,1,70,1713475670
27916,4097,12390,408036,1713475744
27947,784652,18263,787537,1713475820
27958,58573245,15,13,1713475895
28016,99916293,2,555,1713476047
28032,6090675,125,1734,1713476122
28057,3155506,5,286,1713476198
28065,68629,618,21404,1713476272
28082,13073,13493,70305,1713476343
28114,65110000,5,247,1713476490
28128,1637984,659,17962,1713476564
28132,165920,1234,10435,1713476637
28164,26333,2968,64047,1713476711
28175,3587,28,19275,1713476711
28182,28067,354,6741,1713476787
28240,27013,1686,19255,1713476934
28271,846940,2551,22355,1713477151
28278,28985425,153,1340,1713477151
28282,96815,40,492,1713477151
28300,61013,2249,26359,1713477223
28301,16031,1704,59280,1713477223
28335,279565,4549,241826,1713477365
28382,946628,1913,64250,1713477510
28404,2193,3922,57311,1713477585
28433,9146,4580,96758,1713477734
28437,166821,5927,73037,1713477734
28441,40654157,651,41019,1713477734
28502,37558576,3,1088,1713477955
28507,74777356,173,44570,1713477955
28509,97466780,6,86,1713478027
28513,59058833,3,17,1713478027
28533,99430348,15,33337,1713478685
28539,11420022,1227,34860,1713478685
28551,27062130,191,19617,1713478965
28564,22406,1248,41544,1713478965
28570,2288217,289,3390,1713478965
28573,23718587,21,1919,1713478965
28577,165784,1611,33620,1713479054
28580,96930022,2,9522,1713479054
28586,15317,4254,128906,1713479054
28608,10744,529,2671,1713479203
28636,33205879,11,3383,1713479354
28640,5831,33522,507375,1713479354
28660,163863,3664,42816,1713479409
28662,81937399,5,633,1713479409
28671,73017499,311,4112,1713479472
28680,860999,9361,123189,1713479472
28697,77770138,3,326,1713479525
28698,19108,640,67725,1713479525
28700,4018188,176,1420,1713479525
28724,60605,1125,40583,1713479601
28730,6460,13981,945357,1713479678
28731,87839,202,3200,1713479678
28740,8628486,42,569,1713479678
28827,3233162,29,292,1713480090
28829,450279,159,4888,1713480090
28833,1684870,485,8840,1713480164
28840,3991770,173,866,1713480164
28845,5615100,39,1345,1713480240
28859,410499,5634,27994,1713480315
28868,91188,329,12559,1713480315
28940,83708,3410,32824,1713480608
28945,43284278,9,225,1713480680
28967,90413667,1132,8548,1713480755
28972,2233035,470,3473,1713480755
28996,71910,433,22922,1713480904
28999,759441,59,1457,1713480976
29018,81963443,14,295,1713481049
29022,3094255,184,2483,1713481049
29027,113254,2884,50558,1713481123
29049,16157480,2876,14462,1713481272
29055,43707,967,12430,1713481272
29066,276981,2324,39703,1713481344
29067,165648,974,57190,1713481344
29100,81064670,7,4,1713481494
29127,601919,7871,264014,1713481650
29137,505733,604,7106,1713481726
29141,2329,81687,4169579,1713481726
29147,1555109,757,39421,1713481802
29156,101739220,0,250,1713481878
29158,17884612,112,29271,1713481878
29167,1556180,1140,30298,1713481878
29185,81958632,980,35351,1713482027
29196,2295646,3601,38803,1713482104
29199,1078837,3346,20892,1713482104
29210,9344169,505,7753,1713482147
29264,101037477,0,470,1713482895
29274,9381059,181,11238,1713483111
29281,1326119,133,4133,1713483111
29303,89703985,39,1738,1713483491
29305,2500904,269,37033,1713483491
29306,21386,1757,38044,1713483700
29309,71700526,175,4063,1713483700
29326,89725082,2,119,1713483893
29336,107372,75,4487,1713484328
29359,72293571,344,12457,1713484724
29361,327471,101,1559,1713484724
29386,33265090,31,361,1713485142
29394,29299670,3,148,1713485320
29424,74746790,33,2768,1713485878
29426,102111928,1,1,1713485944
29437,1684122,5899,442062,1713486130
29444,33283552,269,5788,1713486130
29451,11564573,141,1721,1713486296
29469,154700,368,7463,1713486738
29480,89610825,14,291,1713486804
29490,7945562,88,1575,1713486991
29515,7978015,422,6427,1713487689
29519,2977057,76,452,1713487754
29530,15219845,11,653,1713487883
29539,547009,826,25252,1713488059
29552,945727,435,2633,1713488289
29574,36018087,5,181,1713488863
29605,20009,9896,232808,1713489899
29612,27060685,8,2682,1713490115
29613,3231326,256,2075,1713490115
29648,37213085,5,692,1713491529
29655,5209769,36,142,1713491759
29694,64265083,123,22633,1713492985
29707,68994993,1,948,1713493177
29753,2883353,1463,65952,1713494290
29786,85561,406,8691,1713495201
29802,163846,2747,47694,1713495460
29829,15281827,7,9,1713496040
29832,700995,25,741,1713496040
29840,3559341,804,80114,1713496169
29865,33295877,4287,307198,1713496559
29872,19550,1970,65388,1713496817
29889,93075306,1,370,1713497268
29892,12899396,571,61664,1713497332
29900,1670794,12,75,1713497591
29906,138567,430,15200,1713497784
29910,38046,9166,25984,1713497784
29924,2380,65852,873363,1713498172
29980,68962574,4,463,1713499464
29993,21250,3736,125246,1713499785
29996,139366,571,8541,1713499849
30034,4335,22077,700258,1713500685
30051,1325694,189,10720,1713501071
30064,1832311,279,15265,1713501255
30071,1075046,845,4703,1713501317
30079,57902,663,6448,1713501378
30080,1164772,508,20272,1713501378
30097,7804394,195,4135,1713501439
30109,6137,19446,423395,1713501500
30113,66674,190,4158,1713501500
30120,1641078,6,15,1713501561
30141,15637586,356,770,1713501744
30148,79764221,1,20,1713501744
30156,2564994,4047,39735,1713501805
30164,3633597,79,15187,1713501857
30190,25296,2082,23144,1713502086
30191,33295996,871,29732,1713502086
30208,93205951,5,55,1713502621
30214,3570,20076,301355,1713502918
30217,1377,1633,39604,1713502918
30241,18952365,318,5539,1713503853
30276,1495405,18,915,1713506698
30308,16203703,22,1318,1713508727
30318,11076962,523,4045,1713509169
30325,34912254,0,8,1713509547
30329,19225878,57,985,1713509759
30334,1366800,645,3934,1713509759
30344,74722548,7,470,1713509970
30348,3898491,6,12,1713510357
30381,95761,351,11925,1713512386
30387,42211,2341,44381,1713513197
30416,1224,25875,200785,1713514642
30434,10510386,1542,185086,1713515072
30482,76521590,1057,61101,1713518002
30489,3135599,98,15854,1713518193
30491,1092777,31,822,1713518256
30505,4245359,640,19388,1713518961
30563,32300,2973,121471,1713521482
30579,3638,19916,473667,1713522163
30589,1292,169083,5680348,1713522890
30606,1165758,11,217,1713523621
30619,13634,9084,160279,1713524019
30634,1126777,102,545,1713524645
30650,5355,92826,1074422,1713524645
30696,101694510,1,2,1713527020
30704,19105433,215,329,1713527215
30710,111265,574,58442,1713527215
30725,6970,7425,72008,1713527829
30744,64056,233,3538,1713528438
30763,1295230,10,5334,1713529090
30784,75448584,16,230,1713529413
30785,10509944,86,6046,1713529413
30788,494870,37,3110,1713529640
30791,101602268,1,37,1713529640
30797,1376949,476,5166,1713529640
30799,3115862,291,6557,1713529640
30825,83101780,1660,56382,1713530016
30828,9435,6286,183418,1713530221
30897,3618960,3702,310644,1713531404
30921,37519,265,2830,1713531609
30928,2937226,60,133922,1713531802
30950,100548540,1,20,1713532014
30989,29002,1575,11569,1713532214
30993,461567,891,3278,1713532214
31002,16388,3568,589729,1713532426
31010,223873,448,5966,1713532426
31012,3272381,21,1383,1713532426
31041,69518525,14,24,1713532826
31076,3757,18883,359708,1713533255
31077,516902,106,3702,1713533255
31090,3163836,211,14660,1713533255
31098,24803,131,61638,1713533384
31116,17544,1493,606186,1713533586
31127,1407039,924,67070,1713533586
31148,10387646,99,4005,1713533774
31164,59755,207,3201,1713534004
31188,35870,186,7724,1713534129
31189,11818978,135,6144,1713534129
31199,145554,274,7432,1713534343
31228,82859598,20,28,1713534485
31232,148189,168,5441,1713534485
31246,10540544,64,32676,1713534601
31254,88169973,1,561,1713534774
31298,2474282,24,1087,1713535120
31311,2240141,96,3590,1713535120
31338,4805509,12,2277,1713535407
31384,87089640,11350,238196,1713535654
31388,84554192,2,179,1713535654
31417,103468936,0,1,1713535939
31450,740469,61,106859,1713536239
31461,70539579,11,827,1713536239
31466,451962,1426,13365,1713536322
31469,86917702,5,339,1713536322
31471,2227,55837,1877920,1713536322
31489,18852745,9,11,1713536428
31499,13185421,117,27449,1713536428
31504,521084,116,4227,1713536428
31513,94351989,3,23,1713536526
31537,4406757,3037,7828,1713536642
31550,11076214,11,564,1713536717
31564,9667254,74,117,1713536778
31584,2507823,15,431,1713536927
31625,3968463,54,748,1713537128
31645,717995,556,16875,1713537179
31653,18621681,15,84,1713537179
31665,106573,21,386,1713537375
31747,762365,8984,44250,1713537967
31772,283560,5326,61930,1713538194
31803,202963,1391,89484,1713538275
31822,71081692,17,458,1713538401
31847,75589548,29,5116,1713538564
31885,6465593,22,830,1713538760
31898,101796,452,9622,1713538865
31905,89178311,4,103,1713538865
31923,71145765,22,13118,1713539029
31924,33117343,9,33,1713539029
31925,79490181,18,1221,1713539029
31963,1275357,309,9172,1713539220
32064,126106,220,53228,1713539803
32147,131801,244,7519,1713540292
32148,4590,2653,97582,1713540292
32152,166328,108079,1073467,1713540292
32162,2326416,86,1144,1713540353
32180,50711,6130,159243,1713540441
32186,841976,46,2850,1713540441
32192,35690310,4,366,1713540441
32193,72510423,23,2292,1713540441
32210,58888,3214,82125,1713540540
32211,691067,99,518,1713540540
32244,79646360,5,164,1713540772
32274,7242,69775,231978,1713540893
32294,229432,181,44288,1713540995
32330,1051620,65,14695,1713541228
32346,33216895,5782,86689,1713550029
32349,36164287,140,6263,1713550029
32354,18609798,4,21,1713550029
32376,11832,6845,125572,1713550029
32402,6970,7423,72026,1713550088
32432,2074102,106,15011,1713550521
32448,103466352,0,0,1713550651
32451,2500598,521,33395,1713550651
32452,25042938,41,18408,1713550651
32460,89968913,5,256,1713550716
32495,163387,1855,11172,1713550911
32505,85952,195,17556,1713550976
32515,165444,4521,391253,1713551041
32526,8211,76621,265084,1713551106
32534,14773918,4,70,1713551238
32554,1786479,1352,24617,1713551370
32561,91579,16,216,1713551370
32579,2278459,5257,140305,1713551502
32585,111265,573,58463,1713551569
32587,122451,680,183737,1713551636
32588,9725360,2,20,1713551636
32591,99234508,1,199,1713551636
32593,62922100,7,18,1713551636
32609,9609539,244,451,1713551771
32653,11424,2448,16950,1713552169
32655,90569489,65,1052,1713552169
32678,33218,189,36419,1713552370
32696,3698299,101,3410,1713552503
32706,19499,1331,20457,1713552568
32767,14926,2733,29695,1713552968
32772,22746,834,41559,1713553034
32788,2741981,80,1464,1713553167
32802,3554649,51,1165,1713553234
32804,19431,546,16619,1713553234
32858,17984963,89,767,1713553631
32867,67507,508,53452,1713553697
32869,270028,218,11411,1713553697
32873,97412958,12,1365,1713553762
32906,4028354,46,449,1713553960
32907,2001359,209,3997,1713553960
32914,90551435,595,345693,1713554026
32926,1365746,19,91,1713554092
32934,54350802,94,7923,1713554159
32935,8058,97,89684,1713554159
32961,8849197,32,382,1713554290
32962,13345578,283,88373,1713554290
32985,2958,3290,55409,1713554423
33004,15406352,14,35,1713554555
33008,3536,6834,532058,1713554555
33024,35472336,52,1233,1713554687
33057,35681130,116,6268,1713554950
33079,40654174,310,11607,1713555083
33087,20009,9901,232872,1713555149
33101,26218301,22,2285,1713555281
33103,165257,6997,111673,1713555281
33121,93075952,734,22155,1713555413
33144,685780,89,73306,1713555611
33149,25194,1396,15148,1713555611
33171,29308,313,205625,1713555809
33180,737035,1146,6419,1713555875
33185,85459,2286,50461,1713555941
33199,33247784,8604,121436,1713556008
33209,9714055,22644,155705,1713556140
33212,2642004,135,1398,1713556140
33227,101155083,3,245,1713556273
33234,13664753,8961,49895,1713556273
33243,89115666,9,28,1713556339
33271,726206,1013,11068,1713556537
33279,23717227,68,3729,1713556680
33308,10278948,5,6414,1713556743
33333,18955051,354,2448,1713556743
33366,80223,114,5085,1713556805
33384,26231,1240,43911,1713556866
33385,75629821,2,15,1713556866
33400,3293801,46,5083,1713556866
33403,20107770,160,1511,1713556866
33414,10072976,48,17931,1713556866
33416,10549350,1,12,1713556928
33427,4358460,160,4311,1713556928
33439,80998676,5,10796,1713556928
33461,1309680,373,31364,1713556990
33476,12613218,94,137256,1713556990
33505,78283079,3656,15057,1713557052
33517,19149854,76,2732,1713557052
33518,55443834,4,117,1713557052
33535,34272,6064,116330,1713557113
33545,25065378,73,192,1713557113
33559,20463274,55,8864,1713557174
33576,920618,26,1518,1713557174
33597,68616998,14,528,1713557235
33603,78676,108,14062,1713557235
33608,13655403,205,26013,1713557291
33661,27523,319,22249,1713561408
33663,629425,507,9952,1713561408
33674,97403489,2,53,1713561483
33725,101371136,1,29,1713561614
33726,730660,226,7650,1713561614
33756,69989,990,19720,1713561679
33763,162656,198,68379,1713561745
33775,65732166,506,18230,1713561745
33780,3717968,1715,33304,1713561745
33788,26894,1338,29565,1713561810
33792,5185,8585,235025,1713561810
33838,85833,3112,65497,1713561940
33865,35673055,275,28190,1713562004
33873,5937862,36,1220,1713562004
33922,50711,6128,159259,1713562137
33939,89097,264,2318,1713562205
33949,615808,150,3360,1713562205
33986,65564410,1073,11902,1713562339
34024,79716451,9437,60709,1713562469
34032,12291,9637,112077,1713562469
34047,2516,35793,703227,1713562533
34089,2380,65863,873596,1713562725
34104,495856,1455,27776,1713562725
34108,13073,13497,70320,1713562795
34132,11212367,221,2212,1713562859
34161,2945454,729,5959,1713562994
34179,2193,3924,57336,1713563061
34192,846940,2554,22416,1713563128
34195,118422,834,14441,1713563128
34198,3672,19894,217054,1713563128
34221,11662,9696,52557,1713563174
34239,4170474,49,47,1713563225
34257,77654572,15,359,1713563272
34286,2716056,4897,54705,1713563336
34326,3710352,2402,45252,1713563603
34342,24480,316,11818,1713563667
34370,7798818,211,27564,1713563750
34383,2673675,1327,8629,1713563750
34416,9620181,498,8792,1713563843
34423,10387357,2933,151447,1713563843
34440,3128,45882,663714,1713563923
34458,4505,8655,305820,1713563989
34468,926041,7368,382541,1713563989
34480,21250,3735,125273,1713564054
34485,166821,5931,73070,1713564054
34500,9146,4583,96768,1713564120
34506,28169,3494,19492,1713564120
34513,25891,1404,34446,1713564120
34536,3246779,56,4118,1713564188
34579,5155930,118,103494,1713564294
34581,41004,3932,31689,1713564446
34587,163880,5468,170203,1713564446
34592,84774920,79,2406,1713564447
34596,2822,23677,662709,1713564447
34661,18908080,67,3714,1713564698
34668,78461596,119,7416,1713564698
34676,166277,901,36994,1713564698
34696,60588,1027,11254,1713564822
34697,11152,11941,159378,1713564822
34729,307513,56129,159244,1713565055
34736,15504,7204,112945,1713565055
34737,581910,673,13983,1713565055
34764,15317,4258,128939,1713565194
34788,35479,3261,57073,1713565294
34791,5030929,385,21004,1713565294
34801,53193,497,22568,1713565370
34830,860999,9363,123236,1713565445
34833,4556,26605,770337,1713565445
34887,13636669,2,17,1713565580
34888,2257294,396,2884,1713565580
34900,164152,14229,275885,1713565645
34912,6460,13984,946011,1713565645
34939,5831,33530,507637,1713565751
34964,7575795,223,21555,1713565813
34968,33246798,64587,2900738,1713565862
35017,50507,1666,61620,1713566126
35043,79560,4292,27691,1713566189
35114,3162,24744,692118,1713566526
35122,410499,5635,27995,1713566526
35137,3329909,264,1258,1713566590
35138,10795459,2598,294247,1713566590
35139,6766,4379,67966,1713566590
35144,26945,4965,629566,1713566590
35146,83708,3409,32843,1713566590
35150,649332,28,1592,1713566590
35152,12605993,2353,77033,1713566590
35169,164798,26725,113613,1713566657
35191,15725,375,31713,1713566709
35214,74777356,175,44579,1713566796
35230,142596,67,1218,1713566875
35247,90413667,1136,8580,1713566995
35256,5376471,39,7273,1713566995
35257,7701,2251,29482,1713566995
35258,276981,2323,39736,1713566995
35315,28795909,141,21931,1713567335
35354,601919,7872,264144,1713567562
35357,748731,5304,325703,1713567562
35359,11645,1909,50400,1713567562
35375,3570,20075,301422,1713567619
35387,113254,2885,50583,1713567663
35420,44064,599,6575,1713567784
35447,107457,777,7721,1713567923
35491,1078837,3347,20912,1713568151
35501,39168,1761,27222,1713568193
35535,12907420,6,1417,1713568340
35542,6390334,1437,16113,1713568383
35546,508963,4859,86998,1713568415
35563,1022975,11,15428,1713568558
35600,214795,349,22071,1713568871
35601,83130,3276,22375,1713568871
35617,18734731,112,1584,1713569254
35639,61421,855,2379,1713569641
35665,18537820,154,9867,1713570246
35694,316370,1498,10920,1713570867
35783,64379,144,31910,1713572859
